Business Name,Address,Phone,Website,Email
Grandview Dental Care,"1220 Grandview Ave, Columbus, OH 43212, United States",(614) 486-7378,https://www.grandviewdentalcare.com/?utm_source=google&utm_medium=gbp&utm_campaign=google_business,info@grandviewdentalcare.com
"Schumacher & Bauer, DDS","3600 Olentangy River Rd #500B, Columbus, OH 43214, United States",(614) 451-1110,https://columbusdentists.net/,info@columbusdentists.net
Gentle Family Dental Care,"1444 W Mound St, Columbus, OH 43223, United States",(614) 272-0011,https://www.gentlefamilydentalcare.com/,
Ohio Cosmetic Dentists,"1010 Bethel Rd, Columbus, OH 43214, United States",(614) 461-3860,http://www.ohiocosmeticdentists.com/?utm_source=GMB&utm_medium=organic&utm_campaign=DevOptimization&utm_content=Website,
Merion Village Dental,"1250 S High St, Columbus, OH 43206, United States",(614) 443-4400,https://www.merionvillagedental.com/our-location/?utm_campaign=gmb-listing&utm_medium=organic&utm_source=google,info@mymvd.com
Comfort Dental Whitehall - Columbus,"4545 E Main St, Columbus, OH 43213, United States",(614) 231-1600,https://comfortdental.com/office/oh-whitehall/?utm_source=google&utm_medium=organic&utm_campaign=Yext,info@comfortdental.biz
Oak Creek Dental Care,"6865 Oak Creek Dr, Columbus, OH 43229, United States",(614) 882-5525,https://www.oakcreekdental.com/,
Alum Creek Dental Care,"4016 Alum Creek Dr, Columbus, OH 43207, United States",(614) 409-9404,https://www.alumcreekdental.com/,
Dennison Dental Care,"910 Dennison Ave, Columbus, OH 43201, United States",(614) 443-3400,http://www.drkatya.com/,
Capitol Square Dental,"212 S High St, Columbus, OH 43215, United States",(614) 461-4600,http://toothfamilydental.com/,
Firouzian Dentistry,"1 E Campus View Blvd, Columbus, OH 43235, United States",(614) 505-4108,https://www.columbuscosmeticdental.com/,
"Christopher M. Will, DDS","1480 Grandview Ave, Columbus, OH 43212, United States",(614) 488-3313,http://www.christopherwilldds.com/,
The Gentle Dentist,"69 E Wilson Bridge Rd, Worthington, OH 43085, United States",(614) 431-3311,https://www.coulmandental.com/,
Creative Smiles,"3791 N High St, Columbus, OH 43214, United States",(614) 262-4150,https://www.creativesmilescolumbus.com/,
"Portia J. Bell, DDS","2710 Crossroads Plaza Dr, Columbus, OH 43219, United States",(614) 471-1161,https://drportiabell.com/,
Carroll Family Dental,"2699 E Main St, Columbus, OH 43209, United States",(614) 237-5000,https://www.carrollfamilydental.net/,237-5000carrollfamilydental@gmail.com
Capital City Dental,"79 Thurman Ave, Columbus, OH 43206, United States",(614) 443-4625,http://www.capitalcitydental.com/,
Premier Dental Care of Columbus,"6938 E Broad St, Columbus, OH 43213, United States",(614) 861-8662,http://www.premierdentalcolumbus.com/,
Riverview Dental,"485 Colonial Pkwy, Columbus, OH 43214, United States",(614) 268-5744,https://www.riverview-dental.com/,
US Dental and Medical Care,"949 E Livingston Ave, Columbus, OH 43205, United States",(614) 252-3181,https://usdentalmedical.com/,
Community Dental of Columbus,"3421 South Blvd, Columbus, OH 43204, United States",(614) 272-0110,http://communitydentalsmiles.com/,
Southmoor Dental Group,"1685 Lockbourne Rd Suite A, Columbus, OH 43207, United States",(614) 444-9849,https://southmoordentalgroup.com/?y_source=1_NTkxODkxNi03MTUtbG9jYXRpb24ud2Vic2l0ZQ%3D%3D,
Columbus Family Dental Care,"1645 Holt Rd, Columbus, OH 43228, United States",(614) 878-1397,http://www.columbusfamilydentalcare.com/,info@columbusfamilydentalcare.com
Lifetime Dental Health,"1960 Bethel Rd #240, Columbus, OH 43220, United States",(614) 344-4259,https://lifetimedentalcolumbus.com/,
Prairie Dental Excellence,"4998 W Broad St # 201, Columbus, OH 43228, United States",(614) 878-6417,http://www.columbuscosmeticdentalcare.com/,
Beechcroft Dental,"5797 Beechcroft Rd suite e, Columbus, OH 43229, United States",(614) 776-4950,https://www.beechcroftfamilydental.com/,
Northgate Family Dentistry,"6061 Cleveland Ave, Columbus, OH 43231, United States",(614) 881-2424,http://northgatefamilydentist.com/,
Norton Family Dental,"17 Norton Rd, Columbus, OH 43228, United States",(614) 870-3337,https://www.nortonfamilydentalcare.com/,
Central Ohio Dental Associates,"2374 E Dublin Granville Rd, Columbus, OH 43229, United States",(614) 899-0309,https://centralohiodental.com/,
Comfort Dental General Dentistry,"2610 E Dublin Granville Rd, Columbus, OH 43231, United States",(614) 794-7480,https://comfortdental.com/office/oh-north-columbus/,info@comfortdental.biz
4th St Dental Studio,"989 N 4th St, Columbus, OH 43201, United States",(614) 310-4373,https://4thstreetdentalstudio.com/,frontdesk@4thstreetdentalstudio.com
"Just Smiles - General, Cosmetic & Implant Dentistry","1921 Hilliard Rome Rd, Hilliard, OH 43026, United States",(614) 964-9644,https://just-smiles.com/hilliard/?utm_source=GoogleMyBusiness&utm_medium=Organic&utm_campaign=Website,
The Dental Center at Easton Town Center,"4030 Easton Station #250, Columbus, OH 43219, United States",(614) 414-0111,https://www.eastondentists.com/,
Advanced Dental Wellness,"4501 N High St, Columbus, OH 43214, United States",(614) 267-5413,http://www.advanceddentalcolumbus.com/,office@adwcolumbus.com
DentalWorks Easton,"3727 Easton Market, Columbus, OH 43219, United States",(614) 934-3204,https://www.dentalworks.com/offices/ohio/easton/?utm_source=GMB&utm_medium=organic,
Hot Smile Dental,"60 S James Rd, Columbus, OH 43213, United States",(614) 235-5560,http://www.hotsmiledental.com/,
Smiles Ahead Family Dentistry,"2456 Home Acre Dr, Columbus, OH 43231, United States",(614) 340-8240,https://smilesaheadfamilydentistry.com/?utm_source=GMB&utm_medium=organic&utm_campaign=DevOptimization&utm_content=Website,
Vadhi Ohio Family Dental,"6023 E Main St, Columbus, OH 43213, United States",(614) 864-6000,https://www.vadhiohiofamilydental.com/,
Comfort Dental,"4089 W Broad St, Columbus, OH 43228, United States",(614) 954-0700,https://comfortdental.com/,info@comfortdental.biz
Victorian Village Dental Care,"1020 Dennison Ave #100, Columbus, OH 43201, United States",(614) 298-1543,http://www.victorianvillagedentalcare.com/,
Gerda Family Dental,"3040 E Main St, Columbus, OH 43209, United States",(614) 231-4527,http://gerdafamilydental.com/,
Capstone Dental Downtown,"10 N High St #403, Columbus, OH 43215, United States",(614) 223-1000,https://www.mycapstonedental.com/locations/columbus,
Linworth Family Dental,"2865 W Granville Rd, Columbus, OH 43235, United States",(614) 683-4150,https://www.linworthfamilydental.com/,info@linworthfamilydental.comH
Arch City Dental - Grandview,"891 Yard St, Grandview Heights, OH 43212, United States",(614) 832-3424,http://www.archcitydental.com/,
Bowen Legacy Dental,"770 Jasonway Ave, Columbus, OH 43214, United States",(614) 459-2300,https://www.bowenlegacydental.com/,
Herrick Dental,"5797 Beechcroft Rd # B, Columbus, OH 43229, United States",(614) 891-0440,https://www.herrickfamilydental.com/,
Northside Family Dental,"5770 Karl Rd #100, Columbus, OH 43229, United States",(614) 846-8340,http://www.northsidedds.com/,
South High Dental,"3476 S High St, Columbus, OH 43207, United States",(614) 983-3060,https://www.southhighdental.com/?utm_campaign=gmb-listing&utm_medium=organic&utm_source=google,
Aya Dental,"2697 Cleveland Ave, Columbus, OH 43211, United States",(614) 268-1243,http://www.ayadentistry.com/,
iSmile Dental Group LLC,"1151 Bethel Rd Suite #301, Columbus, OH 43220, United States",(614) 459-3229,https://ismiledentalohio.com/,info@ismiledentalohio.comP
HW Dental Clintonville (Clintonville Dentistry),"4490 Indianola Ave, Columbus, OH 43214, United States",(614) 262-8180,https://www.hwdentalohio.com/,
Schindler Smile Studio,"775 Yard St Suite 175, Columbus, OH 43212, United States",(614) 586-0609,https://www.schindlerdentistry.com/,info@schindlerdentistry.com
DiMichaelangelo Family Dentistry,"3974 Karl Rd, Columbus, OH 43224, United States",(614) 267-5000,https://healthysmiles.com/north-columbus/,
Ohio Urgent Dental Care,"4050 Gantz Rd, Grove City, OH 43123, United States",(614) 875-7070,https://www.ohiourgentdentalcare.com/,
Grove City Family Dentistry,"3031 Columbus St, Grove City, OH 43123, United States",(614) 875-2153,https://www.gcfamdent.com/,
Dr. Kvitko & Associates,"4308 N High St, Columbus, OH 43214, United States",(614) 262-9588,http://www.drkvitko.com/,
Riverglen Dental,"7720 Rivers Edge Dr #100, Columbus, OH 43235, United States",(614) 902-4851,http://www.riverglendental.com/?utm_source=google&utm_medium=organic&utm_campaign=gbp-listing,885-0227Emailinfo@riverglendental.comA
Trillium Dental,"41 S High St #230, Columbus, OH 43215, United States",(614) 343-0227,http://www.trilliumdental.us/?utm_source=GMB&utm_medium=organic&utm_campaign=DevOptimization&utm_content=Website,
Fulks Family Dental,"2607 E Main St, Columbus, OH 43209, United States",(614) 237-3781,https://www.fulksfamilydental.com/,
Clintonville Dental Group,"4808 N High St, Columbus, OH 43214, United States",(614) 261-7210,http://www.clintonvilledentalgroup.com/,
Hylan Dental Care of Cleveland,"3447 W 117th St, Cleveland, OH 44111, United States",(216) 251-8812,https://hylandentalcare.com/locations/cleveland/,
Downtown Dental Services,"1110 Euclid Ave #202, Cleveland, OH 44115, United States",(216) 616-1155,http://clevelanddowntowndental.com/,
Angel Dental Care,"2904 Euclid Ave, Cleveland, OH 44115, United States",(216) 539-3950,https://www.angel-dentalcare.com/,HR@angel-dentalcare.com
Emergency Dental of Cleveland,"6865 Pearl Rd, Middleburg Heights, OH 44130, United States",(440) 636-8411,https://emergencydentalofcleveland.com/,
A Caring Dental Group,"3736 Rocky River Dr, Cleveland, OH 44111, United States",(216) 446-6977,https://www.acaringdentalgroup.com/,216-251-8464acaringdentalgroup@yahoo.com
Heights Family Dental,"2460 Fairmount Blvd #218, Cleveland Heights, OH 44106, United States",(216) 791-5191,https://www.cleheightsdental.com/,
Bright Now! Dental & Orthodontics,"3269 Steelyard Dr K-7, Cleveland, OH 44109, United States",(440) 616-9389,https://www.brightnow.com/dental-office/cleveland/24300/?utm_source=generic&utm_medium=profiles&utm_campaign=local_profiles,
Hudec Dental,"1730 W 25th St, Cleveland, OH 44113, United States",(216) 861-5330,http://www.hudecdental.com/,smile@hudecdental.com
Middleburg Heights Family Dentistry,"7528 Pearl Rd, Middleburg Heights, OH 44130, United States",(440) 888-6783,https://middleburgheightsfamilydentistry.com/,
West Park Dental,"17001 Albers Ave, Cleveland, OH 44111, United States",(216) 941-5535,http://www.westparksmiles.com/,
Cleveland Dental Institute Shaker Blvd,"11201 Shaker Blvd # 136, Cleveland, OH 44104, United States",(216) 368-7238,https://www.cdiohio.org/shaker-square,
Cleveland Family & Implant Dentistry,"2204 S Taylor Rd, Cleveland Heights, OH 44118, United States",(216) 321-3462,https://www.clevelandfamilydentist.com/,contactus@clevelandfamilydentist.com
Great Expressions Dental Centers - Severance,"3636 Mayfield Rd, Cleveland Heights, OH 44118, United States",(216) 220-0238,https://www.greatexpressions.com/dental-offices/dentist-in-cleveland-ohio/,PatientServices@GreatExpressions.com
Gentle Dental Cleveland,"4827 State Rd, Cleveland, OH 44109, United States",(216) 741-1067,http://gentledentalonstate.com/,
Hayat Dental Centers,"11501 Lorain Ave, Cleveland, OH 44111, United States",(216) 476-9930,http://www.hayatdentist.com/,
Downtown Dental Associates,"55 Erieview Plz STE 200, Cleveland, OH 44114, United States",(216) 241-4303,https://www.getyoursmiletoday.com/,
Ryba Dentistry,"3219 Detroit Ave UNIT 102, Cleveland, OH 44113, United States",(216) 524-2499,http://www.rybadentistry.com/,
Westside Family Dental,"18611 Detroit Ave, Lakewood, OH 44107, United States",(216) 800-4202,http://www.wfamilydental.com/,
Peak Dental of Lakewood,"13616 Madison Ave, Lakewood, OH 44107, United States",(216) 221-1438,http://peakdentaloflakewood.com/?utm_source=gbp&utm_medium=organic&utm_campaign=yext_listing,
2K Dental,"2500 Clark Ave, Cleveland, OH 44109, United States",(216) 860-1195,https://www.2kdental.com/,
City Dental Care,"17700 Lorain Ave, Cleveland, OH 44111, United States",(216) 252-5252,http://www.citydentalcare.net/,
MetroHealth Family Dentistry,"3701 Lorain Ave, Cleveland, OH 44113, United States",(216) 778-4725,https://www.metrohealth.org/locations/ohio-city-family-dentistry,
Brooklyn Dental Group,"4163 Pearl Rd, Cleveland, OH 44109, United States",(216) 860-0120,http://brooklyndentalgroup.com/,
Ridge Road Family Dentistry,"5752 Ridge Rd, Parma, OH 44129, United States",(440) 886-4600,https://ridgeroadfamilydentistry.com/,
Rosewater Dental Associates,"2626 Lorain Ave, Cleveland, OH 44113, United States",(216) 861-2124,,
Biddulph Family Dental,"4647 Ridge Rd, Brooklyn, OH 44144, United States",(216) 351-6600,http://drnassifassociates.com/,
Lakewood Dental Group,"17117 Detroit Ave, Cleveland, OH 44107, United States",(216) 221-0300,http://www.lakewooddentalgroup.com/,
"Aspen Dental - Brooklyn, OH","4620 Ridge Rd, Brooklyn, OH 44144, United States",(216) 661-8077,"https://www.aspendental.com/dentist/oh/brooklyn/4620-ridge-road?utm_source=googleplaces&utm_medium=lociqgoogleplaces&utm_campaign=Brooklyn,OH-Brooklyn_OH-6404&utm_content=listing",
MetroHealth Dental Associates,"2500 Metrohealth Dr, Cleveland, OH 44109, United States",(216) 778-4725,http://www.metrohealth.org/,
Rosenblitt Dental,"526 Superior Ave #109, Cleveland, OH 44114, United States",(216) 781-2444,http://www.rosenblittdental.com/,
Cleveland Dental Institute,"4071 Lee Rd #260, Cleveland, OH 44128, United States",(216) 727-0234,https://www.cdiohio.org/,
Cleveland Dental Implant Center,"6789 Ridge Rd #206, Parma, OH 44129, United States",(440) 842-4090,http://cleveland-dentalimplants.com/,hello@cleveland-dentalimplants.com
"Great Smiles by Design: Dr. Lynda Butler, DDS","14100 Cedar Rd #210, University Heights, OH 44121, United States",(216) 230-3189,https://www.drlyndabutlerdds.com/,lyndavbutlerdds@gmail.com
Westown Dental,"10648 Lorain Ave, Cleveland, OH 44111, United States",(216) 862-1118,https://www.westowndental.com/,
Westshore Family Dental,"28040 Center Ridge Rd, Westlake, OH 44145, United States",(440) 835-2600,http://www.smilewestshore.com/,
Bennett Family Dental,"27748 Center Ridge Rd, Westlake, OH 44145, United States",(440) 835-2121,http://bennettfamilydental.com/,
"Aspen Dental - Parma, OH","8301 W Ridgewood Dr, Parma, OH 44129, United States",(216) 642-6291,"https://www.aspendental.com/dentist/oh/parma/8301-w-ridgewood-drive?utm_source=googleplaces&utm_medium=lociqgoogleplaces&utm_campaign=Parma,OH-Parma_OH-6375&utm_content=listing",
Riveredge Dentistry,"3865 Rocky River Dr #7, Cleveland, OH 44111, United States",(216) 941-4900,http://riveredgedentistry.com/,
Lakewood Smiles Dentistry,"14805 Detroit Ave #515, Lakewood, OH 44107, United States",(216) 521-3510,https://lakewoodsmilesoh.com/?utm_source=NEXT&utm_medium=GMB_Page,office@lakewoodsmilesoh.com
Jason A. Doerschuk DDS Inc,"3817 W 160th St, Cleveland, OH 44111, United States",(216) 671-6707,http://www.doerschukdental.com/,
Advanced Dental Center,"6363 York Rd #203, Parma Heights, OH 44130, United States",(440) 885-5354,https://www.bestclevelandsmiles.com/,drglenn@bestclevelandsmiles.com
Cleveland Center for Integrative Dentistry,"845 SOM Ctr Rd, Mayfield, OH 44143, United States",(216) 777-8844,http://www.ohioholisticdentist.com/,
Hippler Family Dentistry,"14500 Madison Ave, Lakewood, OH 44107, United States",(216) 521-3727,http://www.hipplerdds.com/,
The Center for Advanced Dentistry,"3690 Orange Pl # 180, Beachwood, OH 44122, United States",(216) 595-1710,http://www.cfad.net/,
University Heights Dental - Dina Fixler DMD,"14141 Cedar Rd, South Euclid, OH 44121, United States",(216) 382-6600,http://www.universityheightsdental.com/,
"CLE Smiles by Dr. Niki: Nicole Cochran, DDS","15901 Hilliard Rd, Lakewood, OH 44107, United States",(216) 226-3800,https://www.drnikicochran.com/?utm_source=gmb_auth,
Parma Ridge Family Dental,"6789 Ridge Rd # 306, Cleveland, OH 44129, United States",(440) 845-6420,https://parmaridgefamilydental.com/,
Advanced Dental Care Lakewood,"14865 Detroit Ave, Lakewood, OH 44107, United States",(216) 772-2310,http://advanceddentallakewood.com/,
Pearl Dental,"4194 Pearl Rd, Cleveland, OH 44109, United States",(216) 459-1185,https://www.ppousa.com/,
Home of the Perfect Smile,"3461 Warrensville Center Rd #301, Shaker Heights, OH 44122, United States",(216) 382-1102,http://homeoftheperfectsmile.com/,Homeoftheperfectsmile@gmail.com
Dentists at Hyde Park Plaza,"3802 Paxton Ave Ste 12A, Cincinnati, OH 45209, United States",(513) 898-1194,https://www.dentistsathydeparkplaza.com/?sc_cid=GBP%3AO%3AGP%3A770%3AOrganic_Search%3AGeneral%3Ana&_vsrefdom=organic_gbp&y_source=1_MTI2OTY2NjMtNzE1LWxvY2F0aW9uLndlYnNpdGU%3D,
Cornerstone Dental Group,"4030 Smith Rd SUITE #110, Cincinnati, OH 45209, United States",(513) 631-8920,http://www.cornerstonedentist.com/,
"Pearce Dental Group of Cincinnati, OH","425 Walnut St Suite 201, Cincinnati, OH 45202, United States",(513) 651-0110,https://pearcedentalgroup.com/,info@pearcedentalgroup.com
"Hyde Park Dental Arts, LLC","2761 Erie Ave, Cincinnati, OH 45208, United States",(513) 321-0886,http://www.drlogeman.com/,
Cincinnati Dental Services Edgewood Kentucky,"599 Freedom Park Dr Suite 100, Crestview Hills, KY 41017, United States",(859) 426-0304,http://cdservicesedgewoodky.com/?utm_source=gbp&utm_medium=organic&utm_campaign=yext_listing,
Fountain Square Dental Care,"525 Vine St Suite 1020, Cincinnati, OH 45202, United States",(513) 621-2483,https://www.cincinnatismiledesign.com/,
"Meier, Layer and Yu","8712 Winton Rd, Cincinnati, OH 45231, United States",(513) 521-8900,http://cincinnatidentists.com/?utm_source=gmb&utm_medium=organic,
Forest Hills Family Dentistry,"1055 Nimitzview Dr, Cincinnati, OH 45230, United States",(513) 854-9578,https://www.cincytoothdoc.com/?utm_source=google.com&utm_medium=business+profile,doc@cincytoothdoc.com
MK Dental Excellence – Dentist Cincinnati,"8784 Montgomery Rd #101, Cincinnati, OH 45236, United States",(513) 271-5800,https://www.mycincinnatismiles.com/,
Delhi Dental Cincinnati,"5127 Delhi Rd, Cincinnati, OH 45238, United States",(513) 451-4343,https://www.delhidentalcincinnati.com/,
Stone Creek Family Dental,"3645 Stone Creek Blvd Unit I, Cincinnati, OH 45251, United States",(513) 741-7281,http://stonecreekfamilydentistry.com/?utm_source=gbp&utm_medium=organic&utm_campaign=yext_listing,
Seven Star Dental,"7 W 7th St Ste 1, Cincinnati, OH 45202, United States",(513) 540-3565,http://www.sevenstardental.com/,
Cincinnati Dental Services Florence Kentucky,"7766 Ewing Blvd Ste 300, Florence, KY 41042, United States",(859) 568-1630,http://cdservicesflorenceky.com/?utm_source=gbp&utm_medium=organic&utm_campaign=yext_listing,
"Fennell, Yoxthimer and Associates, DDS, Inc.","5451 Montgomery Rd, Norwood, OH 45212, United States",(513) 631-6600,https://www.fyasmile.com/,
Cincinnati Dental Services Fairfield,"2760 Mack Rd, Fairfield, OH 45014, United States",(513) 874-2444,http://cdservicesfairfield.com/?utm_source=gbp&utm_medium=organic&utm_campaign=yext_listing,
Emergency Dental of Cincinnati,"3349 Whitfield Ave, Cincinnati, OH 45220, United States",(513) 957-4319,https://emergencydentalofcincinnati.com/,
Mt. Lookout Dentistry,"3197 Linwood Ave # 1, Cincinnati, OH 45208, United States",(513) 871-2852,https://mtlookoutdentistry.com/,
Cincinnati Dental Services Landen,"8944 Columbia Rd Ste 2, Loveland, OH 45140, United States",(513) 774-8800,http://cdserviceslanden.com/?utm_source=gbp&utm_medium=organic&utm_campaign=yext_listing,
Sweet Tooth Dental Wellness & Implants,"1323 Myrtle Ave, Cincinnati, OH 45206, United States",(513) 541-5599,http://www.sweettoothcd.com/,
Covedale Dental Studio,"4998 Glenway Ave, Cincinnati, OH 45238, United States",(513) 251-5500,http://www.covedaledental.com/,
Advance Dentistry,"5823 Wooster Pike, Cincinnati, OH 45227, United States",(513) 272-9009,https://nofeardentist.com/location/oh-fairfax-mariemont-5823-wooster-pike/,
"Aspen Dental - Cincinnati, OH - Western Hills","6218 Glenway Ave, Cincinnati, OH 45211, United States",(513) 245-8460,"https://www.aspendental.com/dentist/oh/cincinnati/6218-glenway-avenue?utm_source=googleplaces&utm_medium=lociqgoogleplaces&utm_campaign=Cincinnati,OH-Cincinnati_OH-1466&utm_content=listing",
Everyday Dental,"7764 Colerain Ave, Cincinnati, OH 45239, United States",(513) 741-2253,https://everydaydentalcare.com/,
Lifetime Smiles,"5205 N Bend Rd, Cincinnati, OH 45247, United States",(513) 661-8586,http://www.lifetimesmilescincinnati.com/,
"Warren R. Gase, DDS","9294 Winton Rd, Cincinnati, OH 45231, United States",(513) 845-3851,https://www.gasedds.com/locations/cincinnati-office/,
Schiller Dental,"5330 Glenway Ave, Cincinnati, OH 45238, United States",(513) 922-7111,https://www.lschillerdental.com/,
Cincinnati Dental Services Milford,"5976 Meijer Dr Suite 110B, Milford, OH 45150, United States",(513) 712-1085,http://cdservicesmilford.com/?utm_source=gbp&utm_medium=organic&utm_campaign=yext_listing,
Bell Dental Group,"2767 Erie Ave, Cincinnati, OH 45208, United States",(513) 802-9440,http://www.belldentalgroup.com/,
Dentists of Eastgate,"880 Eastgate N Dr Ste 101, Cincinnati, OH 45245, United States",(513) 978-5859,https://www.dentistsofeastgate.com/?sc_cid=GBP%3AO%3AGP%3A767%3AOrganic_Search%3AGeneral%3Ana&_vsrefdom=organic_gbp&y_source=1_MTQ5Njg3MjctNzE1LWxvY2F0aW9uLndlYnNpdGU%3D,
Cincinnati Dental Care,"4535 Montgomery Rd, Cincinnati, OH 45212, United States",(513) 631-3000,http://kidscutesmiles.com/,Cincinnatidentalcare@yahoo.com
Shertok Smiles,"19 Garfield Pl UNIT 414, Cincinnati, OH 45202, United States",(513) 721-5924,http://www.downtowncincinnatidentist.com/,
Wallace Family Dentistry,"5258 Montgomery Rd, Cincinnati, OH 45212, United States",(513) 531-2338,http://wallacegroupdentistry.com/,
Jackson Richard L DDS,"3650 Erie Ave, Cincinnati, OH 45208, United States",(513) 321-3037,,
Cincinnati Dental Services - Cincinnati - Ferguson,"4360 Ferguson Dr # 140, Cincinnati, OH 45245, United States",(513) 753-6446,http://cdserviceseastgate.com/?utm_source=gbp&utm_medium=organic&utm_campaign=yext_listing,
Wyoming Smile Center,"423 Worthington Ave, Cincinnati, OH 45215, United States",(513) 761-1900,http://bestdentistcincinnati.com/,
Sustainable Smiles,"3406 Ormond Ave, Cincinnati, OH 45220, United States",(513) 281-8800,https://sustainablesmilesdentistry.com/,smilesustainable@gmail.com
"Aspen Dental - Cincinnati, OH - Northgate","9850 Colerain Ave, Cincinnati, OH 45251, United States",(513) 699-7070,"https://www.aspendental.com/dentist/oh/cincinnati/9850-colerain-ave?utm_source=googleplaces&utm_medium=lociqgoogleplaces&utm_campaign=Cincinnati,OH-Cincinnati_OH-1187&utm_content=listing",
Dentists of Westwood,"6175 Glenway Ave Suite A, Cincinnati, OH 45211, United States",(513) 318-4775,https://www.dentistsofwestwood.com/?sc_cid=GBP%3AO%3AGP%3A769%3AOrganic_Search%3AGeneral%3Ana&_vsrefdom=organic_gbp&y_source=1_MTE5NDAyNDItNzE1LWxvY2F0aW9uLndlYnNpdGU%3D,
Northside Dental,"4254 Hamilton Ave, Cincinnati, OH 45223, United States",(513) 541-5655,http://northsidedentist.com/,
David J. Franz DDS LLC,"8333 Montgomery Rd, Cincinnati, OH 45236, United States",(513) 771-2230,http://www.cincinnatismiles.com/,info@cincinnatismiles.com
Montgomery Dental Care,"9563 Montgomery Rd #201, Cincinnati, OH 45242, United States",(513) 793-5703,http://www.janettewilliamsdds.com/,
"Jane R. Mays, DMD","2631 Erie Ave, Cincinnati, OH 45208, United States",(513) 273-0228,https://www.janemaysdmd.com/,janemaysdmd@gmail.com
Clifton Dental Care,"3308 Jefferson Ave, Cincinnati, OH 45220, United States",(513) 751-5200,http://www.cincinnaticliftondentalcare.com/,
Dr Terry Lowitz Office,"8712 Winton Rd Floor 2, Cincinnati, OH 45231, United States",(513) 521-8900,https://cincinnatidentists.com/team/terry-lowitz/,
Pure Smiles - Western Hills,"3650 Muddy Creek Rd #200, Cincinnati, OH 45238, United States",(513) 434-1987,https://puresmiles.com/western-hills/,
Cincinnati Bright Smiles,"672 Neeb Rd #2, Cincinnati, OH 45233, United States",(513) 451-5399,http://pjtdds.com/,
Cincinnati Dental Services West Chester,"7334 Tylers Corner Pl #500, West Chester Township, OH 45069, United States",(513) 712-1014,http://cdserviceswestchester.com/?utm_source=gbp&utm_medium=organic&utm_campaign=yext_listing,
Elite Cosmetic and Family Dentistry,"11039 Prince Ln, Cincinnati, OH 45241, United States",(513) 771-5212,https://www.sharonvilledentistry.com/,
Conover Family Dental,"9312 Winton Rd, Cincinnati, OH 45231, United States",(513) 643-1304,http://conoverfamilydental.com/,
Weisenberger Dental,"1017 Delta Ave, Cincinnati, OH 45208, United States",(513) 321-7300,http://www.weisenbergerdental.com/,
Roselawn Family Dental,"7540 Reading Rd, Cincinnati, OH 45237, United States",(513) 821-3118,,
Dentistry on Madison,"1534 Madison Rd, Cincinnati, OH 45206, United States",(513) 914-3104,https://dentistryonmadison.com/,
"Aspen Dental - Cincinnati, OH (Oakley)","4820 Ridge Ave, Cincinnati, OH 45209, United States",(513) 233-7656,"https://www.aspendental.com/dentist/oh/cincinnati/4820-ridge-ave?utm_source=googleplaces&utm_medium=lociqgoogleplaces&utm_campaign=Cincinnati,OH-Cincinnati_OH-4316&utm_content=listing",
CincySmiles Dental Center,"5310 Rapid Run Rd Ste 101, Cincinnati, OH 45238, United States",(513) 763-2200,http://www.cincysmiles.org/,
1800 Emergency Dentist Cincinnati 24 Hour,"1739 Elm St 2nd Floor, Ste 2B, Cincinnati, OH 45202, United States",(281) 326-6874,https://1800dentist.com/emergency-dentist-cincinnati-oh-567/?,
MINT dentistry,"4468 Montgomery Rd, Norwood, OH 45212, United States",(513) 813-5900,https://norwood.mintdentistry.com/mint-norwood-oh,
Twin Dental,"11430 Hamilton Ave, Cincinnati, OH 45231, United States",(513) 224-5510,https://www.twindental.com/?utm_campaign=gmb,
Total Dentistry,"6560 Colerain Ave, Cincinnati, OH 45239, United States",(513) 245-2200,https://totaldentistrycincinnati.com/,ADDRESSinfo@totaldentistrycincinnati.com
William R O'Conner DDS,"2745 Anderson Ferry Rd, Cincinnati, OH 45238, United States",(513) 922-4220,http://www.williamoconnerdds.com/,
Family Dentistry of Blue Ash,"4157 Hunt Rd, Blue Ash, OH 45236, United States",(513) 791-6154,https://blueashdentist.com/,
Toledo Family Dental Care,"5951 Heatherdowns Blvd Ste 1, Toledo, OH 43614, United States",(419) 866-0999,http://toledofamilydentalcare.com/?utm_source=gbp&utm_medium=organic&utm_campaign=yext_listing,
Great Expressions Dental Centers - Toledo Airport,"5950 Airport Hwy #10, Toledo, OH 43615, United States",(419) 324-7713,https://www.greatexpressions.com/dental-offices/dentist-in-toledo-ohio-airport-highway/,PatientServices@GreatExpressions.com
Spring Valley Dental,"1349 S Holland Sylvania Rd, Holland, OH 43528, United States",(419) 865-4441,https://www.springvalleydentalholland.com/,
Oak Openings Dental,"4315 N Holland Sylvania Rd, Toledo, OH 43623, United States",(419) 824-7900,http://oakopeningsdental.com/?utm_source=gbp&utm_medium=organic&utm_campaign=yext_listing,
Advanced Dental Care of Toledo,"5859 Secor Rd, Toledo, OH 43623, United States",(419) 474-9944,https://www.adctoledo.com/,
DENTAL DEFINITIONS,"5350 Airport Hwy #109, Toledo, OH 43615, United States",(419) 382-8888,,
Hires Dental Care,"3951 W Sylvania Ave, Toledo, OH 43623, United States",(419) 475-6673,https://www.familydentisttoledo.com/?utm_source=GMBlisting&utm_medium=organic,
Tomase Dental Care,"7616 Kings Pointe Rd, Toledo, OH 43617, United States",(419) 314-3282,https://www.toledoohiodental.com/?utm_source=gmb_auth,
Smiles of Toledo Dental,"5759 Park Center Ct, Toledo, OH 43615, United States",(419) 843-5775,http://smilesoftoledo.com/,
Light Touch Dental Care,"7010 Spring Meadows Dr W Suite 106, Holland, OH 43528, United States",(419) 866-4271,http://lighttouchdentalcare.com/,
"Brett Pelok DDS & Associates, Inc","4333 Monroe St STE B, Toledo, OH 43606, United States",(419) 475-0482,,
River East Dental Group,"725 Miami St, Toledo, OH 43605, United States",(419) 693-4712,https://rivereastdental.com/?y_source=1_NTkxODkxNS03MTUtbG9jYXRpb24ud2Vic2l0ZQ%3D%3D,
1800 Emergency Dentist Toledo 24 Hour,"2127 N Reynolds Rd, Toledo, OH 43615, United States",(424) 842-0222,https://1800dentist.com/emergency-dentist-toledo-oh-569/,
Dental Group West,"5532 Central Ave, Toledo, OH 43615, United States",(419) 539-2168,https://www.dentalgroupwest.com/,
"Cosmetic & Family Dental Studios, LLC","36 S Byrne Rd, Toledo, OH 43615, United States",(419) 534-2479,http://www.healthysmilestudios.com/,
Toledo Dental Arts,"3349 Executive Pkwy suite a, Toledo, OH 43606, United States",(419) 537-5000,http://www.toledodentist.com/,
"Dr. Nadeem Khan, DDS: Great Smiles Family Dentistry","4646 Nantuckett Dr suite d, Toledo, OH 43623, United States",(419) 301-0114,http://www.greatsmilesfamilydentistry.com/,
Merit Dental - Toledo,"3837 N Holland Sylvania Rd, Toledo, OH 43615, United States",(419) 912-5495,https://meritdental.com/dental-office/toledo/?utm_source=generic&utm_medium=profiles&utm_campaign=local_profiles,
Frankel Dentistry- Toledo,"5012 Talmadge Rd # 100, Toledo, OH 43623, United States",(419) 474-9611,http://jonfrankeldentistry.com/,
Corner Dental,"4321 Talmadge Rd, Toledo, OH 43623, United States",(419) 481-9762,https://cornerdental.com/corner-dental-talmadge?y_source=1_NTkxODgzMy03MTUtbG9jYXRpb24ud2Vic2l0ZQ%3D%3D,35500@nadentalgroup.com
Westgate Family Dental,"3349 Executive Pkwy G, Toledo, OH 43606, United States",(419) 578-4110,https://westgatefamilydental.com/,office@westgatefamilydental.com
Wildwood Family & Cosmetic Dentistry - Sylvania,"4139 N Holland Sylvania Rd, Toledo, OH 43623, United States",(419) 536-9196,https://www.wildwoodfamilydentistry.com/?utm_source=google&utm_medium=gmbn&utm_id=north+sylvania,
"Aspen Dental - Toledo, OH","4225 Talmadge Rd, Toledo, OH 43623, United States",(419) 241-2800,"https://www.aspendental.com/dentist/oh/toledo/4225-talmadge-rd?utm_source=googleplaces&utm_medium=lociqgoogleplaces&utm_campaign=Toledo,OH-Toledo_OH-0474&utm_content=listing",
Westmeyer Dental,"4560 Heatherdowns Blvd # 200, Toledo, OH 43614, United States",(419) 382-3485,https://www.westmeyerdental.com/,
Finley Dentistry,"3130 W Sylvania Ave, Toledo, OH 43613, United States",(419) 472-6645,http://finleydentistry.com/,
Wildwood Family And Cosmetic Dentistry - Toledo,"3900 Sunforest Ct #119, Toledo, OH 43623, United States",(419) 472-5720,https://wildwoodfamilydentistry.com/?utm_source=google&utm_medium=gmbs&utm_id=secor,
Kozy Dental Care,"3349 Executive Pkwy suite f, Toledo, OH 43606, United States",(419) 578-2380,https://www.kozydentalcare.com/,43606kozydentalcare@gmail.com
Maley Family Dental,"3780 King Rd, Toledo, OH 43617, United States",(419) 882-0622,https://www.maleyfamilydental.com/,info@maleyfamilydental.com
Morehart Dentistry,"4210 Central Ave, Toledo, OH 43606, United States",(419) 535-1066,https://www.morehartdentistry.com/,
DentalWorks & Orthodontics Secor Square,"3504 Secor Rd #330, Toledo, OH 43606, United States",(419) 534-3005,https://www.dentalworks.com/offices/ohio/secor-square/?utm_source=GMB&utm_medium=organic,
"Aspen Dental - Holland, OH","6658 Airport Hwy, Holland, OH 43528, United States",(419) 867-3400,"https://www.aspendental.com/dentist/oh/holland/6658-airport-hwy?utm_source=googleplaces&utm_medium=lociqgoogleplaces&utm_campaign=Holland,OH-Holland_OH-0457&utm_content=listing",
"Shadow Valley Dental Group - Todd W. Hasty, D.D.S.","1574 Henthorne Dr suite a, Maumee, OH 43537, United States",(419) 865-3085,http://www.shadowvalleydental.com/,
"Dr. Mark W. Becker, DDS","6920 Spring Valley Dr #103, Holland, OH 43528, United States",(419) 866-1238,http://markwmbeckerdds.com/,
Laskey Dental Care,"3416 W Laskey Rd, Toledo, OH 43623, United States",(419) 473-8885,https://www.laskeydentalcare.com/,
Dental Health Associates,"3924 Sylvan Lakes Blvd, Sylvania, OH 43560, United States",(419) 882-4510,https://itneverhurtstosmile.com/?utm_source=google&utm_medium=gmb&utm_campaign=listing,
Classic Smiles Dental Toledo,"5445 Southwyck Blvd #105, Toledo, OH 43614, United States",(419) 597-5021,https://www.classicsmilestoledo.com/?utm_source=GMB_Listing&utm_medium=Organic&utm_campaign=Website_URL,
Signature Smiles by Dr. Mike Schweizer,"3060 W Sylvania Ave A, Toledo, OH 43613, United States",(419) 451-4480,https://smilebetterintoledo.com/,
Namay Dentistry,"6800 Central Ave A1, Toledo, OH 43617, United States",(419) 843-7884,https://namaydentistry.com/?utm_source=google&utm_medium=profile&utm_campaign=gbp,
Kastner Dental,"3231 Central Park West # 201, Toledo, OH 43617, United States",(419) 841-7661,,
Tower Dental Care,"2138 Brookdale Rd, Toledo, OH 43606, United States",(419) 531-4626,http://www.towerdentalcare.com/,
Sylvania Smile Design,"4343 N Holland Sylvania Rd, Toledo, OH 43623, United States",(419) 841-9494,http://www.toledodentistry.com/,
O'Neill Family Dentistry,"4139 N Holland Sylvania Rd, Toledo, OH 43623, United States",(419) 885-2534,http://jaimeoneilldentistry.com/,
Midwest Dental Center,"240 W Alexis Rd F, Toledo, OH 43612, United States",(419) 475-5450,,
"Howard, Nicholas, Baburek, DDS","4154 Secor Rd, Toledo, OH 43623, United States",(419) 475-3494,http://www.happysmiletoledo.com/,office@happysmiletoledo.com
Dental Reflections at Briarfield,"3210 Briarfield Blvd, Maumee, OH 43537, United States",(419) 866-2400,https://www.dentalreflectionsoh.com/,
"Edward F Posluszny, DDS","4841 Monroe St #260, Toledo, OH 43623, United States",(419) 475-6554,http://www.drpoz.com/,
"Drs. Jardin, Buganski, and Duggan Toledo Family Dental Practice","4339 Talmadge Rd, Toledo, OH 43623, United States",(419) 472-5725,http://www.drsjbd.com/,
Knierim Dental,"1000 Regency Ct, Toledo, OH 43623, United States",(419) 473-2728,http://www.knierimdental.com/staff.html,
Haven Dental,"2724 W Laskey Rd, Toledo, OH 43613, United States",(419) 475-8300,https://www.havensmiles.com/,
Dental Excellence of Sylvania,"5660 Monroe St, Sylvania, OH 43560, United States",(419) 387-5554,https://www.happy-dentistry.com/sylvania.html,
Point Place dental care,"4611 N Summit St, Toledo, OH 43611, United States",(419) 729-3972,http://pointplacedentist.com/,
Briarfield Dental Care,"3550 Briarfield Blvd #100, Maumee, OH 43537, United States",(419) 866-6985,http://www.briarfielddentalcare.com/,
"Zimmerman, The Art of Dentistry","5636 Central Ave, Toledo, OH 43615, United States",(419) 536-1485,http://zimmermandentistry.com/,536-1485EMAILinfo@zimmermandentistry.comL
Brookview Dental,"7135 W Sylvania Ave # 1A, Sylvania, OH 43560, United States",(419) 885-1115,http://www.brookviewdental.com/,info@brookviewdental.com
Emergency Dentist 24/7 Toledo,"3425 Executive Pkwy, Toledo, OH 43606, United States",(866) 489-5217,https://www.emergencydentalservice.com/emergencydentist24-7/toledo-oh-43606,
Maumee Valley Dental Care,"1657 Holland Rd, Maumee, OH 43537, United States",(419) 893-3443,,
Next Generation Dentistry,"673 E Wilbeth Rd, Akron, OH 44306, United States",(330) 724-2551,https://www.dentistakronoh.com/,
Akron Family Dental,"1575 Vernon Odom Blvd, Akron, OH 44320, United States",(330) 753-7734,http://www.akronfamilydental.com/,
Eberhardt Dentistry: Kyle S. Eberhardt DDS,"1655 W Market St # 540, Akron, OH 44313, United States",(330) 355-8821,https://www.eberhardtdentistry.com/,
Akron Smiles Dental Center,"881 E Exchange St, Akron, OH 44306, United States",(330) 574-6874,https://www.akronsmilesbright.com/?utm_source=GMBSocialClimb&utm_medium=AkronSmilesDentalCenter&scct=PN12733888c139cc316daaeb29410e0f22,
"Fairlawn Dental Care: Mark C. Rigby, DMD","3610 W Market St, Akron, OH 44333, United States",(330) 666-7800,https://akroncosmeticdentist.com/,
"Firestone Family Dental- Akron, Ohio","275 E Waterloo Rd, Akron, OH 44319, United States",(330) 773-7282,https://firestonefamilydental.com/,
Arlington Dental,"2780 S Arlington Rd # 201, Akron, OH 44312, United States",(330) 644-0127,http://www.arlingtondentalakron.com/,
Summa Health Dental Center,"75 Arch St Suite 303, Akron, OH 44304, United States",(330) 375-6262,https://www.summahealth.org/specializedservices/dentistry?utm_source=local-listing&utm_medium=organic&utm_campaign=website-link,
Locust Dental Group,"1180 S Main St Suit#400, Akron, OH 44301, United States",(330) 535-7876,http://www.locustdentalcenter.com/,
Great Expressions Dental Centers - Romig Road,"2086 Romig Rd, Akron, OH 44320, United States",(330) 227-8908,https://www.greatexpressions.com/dental-offices/dentist-in-akron-ohio-romig-rd/,PatientServices@GreatExpressions.com
"Summit Dentistry, Dr. Anthony Salem D.D.S","3045 Smith Rd #100, Fairlawn, OH 44333, United States",(330) 668-1165,https://www.summitdentistry.com/,
DentalWorks & Orthodontics South Plaza,"378 E Waterloo Rd, Akron, OH 44319, United States",(234) 260-8547,https://www.dentalworks.com/offices/ohio/south-plaza/?utm_source=GMB&utm_medium=organic,
Akron Dental Concepts LLC,"1000 S Cleveland Massillon Rd #13, Fairlawn, OH 44333, United States",(330) 666-7440,http://www.akrondentalconcepts.com/,docaldrich@gmail.com
Dental Arts of Ellet,"737 Canton Rd, Akron, OH 44312, United States",(330) 850-3058,https://www.cristianchirladmd.com/,
330 Dental (formerly Joanna Kleckner DDS),"2080 State Rd, Cuyahoga Falls, OH 44223, United States",(330) 923-5287,http://www.330dental.com/,frontdesk@330dental.com
Alpha Dental Akron,"3235 Manchester Rd STE 2, Akron, OH 44319, United States",(330) 482-8148,https://alphadental.net/locations-akron/?utm_source=GMBListing&utm_medium=Organic&utm_campaign=Akron,Akron@Alphadental.net
"DiPiero Family Dental, LLC","1376 N Portage Path, Akron, OH 44313, United States",(330) 867-9494,https://www.dipierofamilydental.com/,
Great Expressions Dental Centers - Green,"790 Arlington Ridge, New Franklin, OH 44319, United States",(330) 248-5314,https://www.greatexpressions.com/dental-offices/dentist-in-akron-ohio-arlington-ridge/,PatientServices@GreatExpressions.com
Kenmore Family Dental,"2383 S Main St Suite C-100, Akron, OH 44319, United States",(330) 753-8155,https://kenmore-dental.com/,
Akron Periodontics & Dental Implantology,"484 S Miller Rd #200, Fairlawn, OH 44333, United States",(330) 867-3320,http://www.akronperio.com/,
Arsmiles Family & Cosmetic Dentistry,"2640 W Market St Ste 302, Fairlawn, OH 44333, United States",(330) 835-1000,http://www.arsmilesdental.com/,
Valley Dental Group,"1852 Merriman Rd, Akron, OH 44313, United States",(330) 867-8354,http://valleydentalgroupakron.com/,
Ellet Dental,"529 Canton Rd, Akron, OH 44312, United States",(330) 784-0446,http://www.elletdental.com/,
State Valley Dental,"63 Graham Rd Unit 3, Cuyahoga Falls, OH 44223, United States",(330) 920-8060,https://www.marinonassif.com/,statevalley@marinoassoc.com
Dr. Romito's Arlington Family Dental Practice,"2351 S Arlington Rd Suite C, Akron, OH 44319, United States",(330) 773-0446,http://www.drfrankromito.com/,
Great Expressions Dental Centers - Cuyahoga Falls,"1520 Portage Trail, Cuyahoga Falls, OH 44223, United States",(330) 578-7257,https://www.greatexpressions.com/dental-offices/dentist-in-cuyahoga-falls-ohio,PatientServices@GreatExpressions.com
G. Michael Appel Family Dentistry,"540 White Pond Dr unit c, Akron, OH 44320, United States",(330) 869-9090,https://www.mikeappeldds.com/,330.869.9090mikeappeldds@gmail.com
Marino Dental on Darrow,"381 Darrow Rd, Akron, OH 44305, United States",(330) 784-7285,http://www.drmarinoassociates.com/,darrow@marinoassoc.com
"Aspen Dental - Akron, OH - Green","2858 S Arlington Rd, Akron, OH 44312, United States",(330) 622-4391,"https://www.aspendental.com/dentist/oh/akron/2858-s-arlington-road?utm_source=googleplaces&utm_medium=lociqgoogleplaces&utm_campaign=Akron,OH-Akron_OH-3175&utm_content=listing",
Cleveland Smile Center - Cuyahoga Falls Dentist,"528 Portage Trail, Cuyahoga Falls, OH 44221, United States",(330) 633-6420,https://clevelandsmilecenter.com/cuyahoga-falls-dentist/?utm_source=google-gmb&utm_medium=organic&utm_campaign=cuyahogafalls,44202aurora@clevelandsmilecenter.com
Summit Dental Green,"1003 East Turkeyfoot Lake Road, Akron, OH 44312, United States",(330) 896-1959,http://www.summitdentalohio.com/?utm_source=gmb_auth,
Summit Dental,"1915 W Market St, Akron, OH 44313, United States",(330) 836-9818,http://www.summitdentalohio.com/?utm_source=gmb_auth,
Nicklow Family Dental,"1611 Akron Peninsula Rd, Akron, OH 44313, United States",(330) 928-7774,https://www.nicklowfamilydental.com/,44313rheanicklow@gmail.com
Dentistry at Portage Lakes,"667 W Turkeyfoot Lake Rd, Akron, OH 44319, United States",(330) 644-9511,http://www.westhaferdds.com/,
"Dr. John Kurzawa, Akron","673 E Wilbeth Rd, Akron, OH 44306, United States",(330) 724-2551,http://www.dentistakronoh.com/,
Turner Family Dental,"585 White Pond Dr, Akron, OH 44320, United States",(330) 836-9870,http://turnerfamilydental.com/,
DentalWorks & Orthodontics Fairlawn,"3750 W Market St Suite M, Akron, OH 44333, United States",(330) 665-4290,https://www.dentalworks.com/offices/ohio/fairlawn/?utm_source=GMB&utm_medium=organic,
"Dr. Kieo Pung, DDS","1327 Canton Rd, Akron, OH 44312, United States",(330) 628-8866,http://www.drpung.com/,
"Bryan Stephens, DDS","60 N Miller Rd, Fairlawn, OH 44333, United States",(330) 867-7741,http://www.akronohdentist.com/,
"Chapel Hill Dental Care - Joseph G. Marcius, DDS","1690 Brittain Rd, Akron, OH 44310, United States",(330) 752-0215,https://www.akrondental.com/,
Great Expressions Dental Centers - Tallmadge,"80 North Ave Ste B, Tallmadge, OH 44278, United States",(330) 738-8440,https://www.greatexpressions.com/dental-offices/dentist-in-tallmadge-oh-north-avenue/,PatientServices@GreatExpressions.com
Akron Smile - Dentist Akron,"508 E Exchange St, Akron, OH 44304, United States",(330) 434-3485,https://akronsmile.com/,
Kenneth G Hudak DDS,"748 Elma St, Akron, OH 44310, United States",(330) 376-0097,http://hudakdental.com/,
Demboski Family Dental,"525 N Cleveland Massillon Rd UNIT 105, Akron, OH 44333, United States",(330) 666-6111,http://www.demboskifamilydental.org/,
Sisko Dentistry,"60 Metric Dr, Tallmadge, OH 44278, United States",(330) 633-9510,http://tallmadgedentist.com/,Frontdesk@siskodentistry.com
Hunsicker Family Dental,"150 West Ave #101, Tallmadge, OH 44278, United States",(330) 633-5133,,
"Jennifer J. Jerome, DDS","1865 Brown St, Akron, OH 44301, United States",(330) 724-4093,https://www.drjenniferjerome.com/?utm_source=google&utm_medium=google_business_profile&utm_campaign=website_click,
Summit County Public Health Dental,"Akron, OH 44313, United States",(330) 812-3816,http://www.scphoh.org/,
"Ryan M. Walton, DDS","508 E Exchange St, Akron, OH 44304, United States",(330) 434-3485,https://akronsmile.com/meet-our-team/dr-walton/,
Robert M. Lazarow DDS,"1003 East Turkeyfoot Lake Road, Akron, OH 44312, United States",(330) 644-0633,,
Dr. Mark Grucella and Dr. James George,"1500 Canton Rd, Akron, OH 44312, United States",(330) 733-7911,https://www.akronbestdentist.com/lakemore-oh-dentist-office,555-555-5555mymail@mailservice.com
"Robert A. Miller, DDS","33 Baker Blvd, Fairlawn, OH 44333, United States",(330) 869-6446,http://www.drbobakron.com/,
Akron Oral & Maxillofacial Surgery Group,"539 White Pond Dr Suite C, Akron, OH 44320, United States",(330) 836-2882,http://akronoralsurgerygroup.com/,
Affordable Dentures & Implants,"2863 S Arlington Rd Suite 12, Akron, OH 44312, United States",(234) 901-4049,https://www.affordabledentures.com/locations/oh/akron?utm_source=GMB&utm_medium=Organic_Listing&utm_campaign=10232,
Family Dental Team Inc: Grucella Mark DDS,"620 Ridgewood Rd, Akron, OH 44333, United States",(330) 733-7911,https://www.akronbestdentist.com/,555-555-5555mymail@mailservice.com
Austin Park Dental,"801 E State St, Barberton, OH 44203, United States",(330) 745-3422,https://www.austinparkdental.com/?utm_source=google.com&utm_medium=business+profile,info@austinparkdental.com
Siebenthaler Dental Center,"545 W Siebenthaler Ave, Dayton, OH 45405, United States",(937) 275-8521,https://siebenthalerdental.com/?utm_source=NEXT&utm_medium=Google_website,info@siebenthalerdental.com
Dayton Dental Care Unlimited,"3609 N Dixie Dr, Dayton, OH 45414, United States",(937) 278-7954,http://www.dentalcaredayton.com/,
Dayton Comprehensive Dentistry,"5395 Burkhardt Rd, Dayton, OH 45431, United States",(937) 253-3601,https://www.dayton-dentistry.com/,
Steve A Sato DDS,"1222 S Patterson Blvd #140, Dayton, OH 45402, United States",(937) 716-2499,http://www.drsato.com/?utm_campaign=gmb,
Dayton Dental Group,"7791 Waynetowne Blvd, Huber Heights, OH 45424, United States",(937) 890-4820,https://daytondentalgroup.com/,937-890-4820DDG@DaytonDentalGroup.com
Preferred Family Dental - Dayton,"9001 N Main St 2nd floor 2nd floor, Dayton, OH 45415, United States",(937) 836-7282,http://www.pfdent.com/,
North Dayton Family Dental LLC,"5538 Philadelphia Dr, Dayton, OH 45415, United States",(937) 278-0703,http://www.northdaytondental.com/,
Dayton Dental Collaborative,"5685 Far Hills Ave, Dayton, OH 45429, United States",(937) 435-5163,https://www.smileddc.com/?utm_source=google&utm_medium=organic&utm_campaign=GBP_Traffic,
Platinum Dentistry,"800 Shroyer Rd, Dayton, OH 45419, United States",(937) 293-3402,https://platinum-dentistry.com/,
Van Buren Dental,"1950 S Smithville Rd, Kettering, OH 45420, United States",(937) 253-9115,http://vanburendental.com/,
Rahn Dental,"5660 Far Hills Ave, Dayton, OH 45429, United States",(937) 435-0324,http://rahndentalgroup.com/?utm_source=gbp&utm_medium=organic&utm_campaign=yext_listing,
Empire Dental Specialty Group - Dayton,"4235 Indian Ripple Rd Suite 200A, Beavercreek, OH 45440, United States",(937) 802-0901,https://empiredentalspecialty.com/locations/beavercreek/?utm_source=google&utm_medium=local&utm_campaign=Local-Listings&utm_content=BC,
North Main Dental Inc.,"6500 N Main St, Dayton, OH 45415, United States",(937) 275-0076,http://www.northmaindental.com/,
Gamber Family Dental,"3085 Woodman Dr Suite 150, Dayton, OH 45420, United States",(937) 258-2441,https://gamberfamilydental.com/,
Dayton Dental Solutions,"8913 N Main St, Dayton, OH 45415, United States",(937) 898-8980,http://www.daytondentalsolutions.com/,
Coyne Dentistry,"1749 Delco Park Dr, Dayton, OH 45420, United States",(937) 247-4363,https://www.coynedentistry.com/,
Premier Dental of Oakwood,"924 Shroyer Rd, Dayton, OH 45419, United States",(937) 293-8272,https://www.premierdentalohio.com/oakwood/?utm_source=Local&utm_medium=Organic&utm_campaign=Google-Local&utm_content=Oakwood,
Wilmington Family Dental,"3716 Wilmington Pike, Kettering, OH 45429, United States",(937) 296-9672,https://www.wilmingtonfamilydental.com/?utm_source=google&utm_medium=organic&utm_campaign=gmb-listing,
Dorothy Lane Dental Inc,"3020 S Dixie Dr, Kettering, OH 45409, United States",(937) 298-4221,http://www.dorothylanedental.com/,
Gioiello General & Implant Dentistry,"7135 Troy Pike, Huber Heights, OH 45424, United States",(937) 237-9211,https://gioiellodental.com/?utm_source=Next&utm_medium=Google&utm_campaign=Google_Website,wjgsmile@gmail.com
Advanced Dentistry of Dayton,"6438 Wilmington Pike #205, Dayton, OH 45459, United States",(937) 848-5986,https://www.advanceddentistryofdayton.com/,
MK&C Dental Group Kettering,"2309 Woodman Dr, Kettering, OH 45420, United States",(937) 252-9070,https://www.mkcdentists.com/,
Brilliant Tooth Dental,"1203 Salem Ave, Dayton, OH 45406, United States",(937) 275-7448,http://www.bluetoothdental.com/brilliant-tooth-dental.aspx,brillianttoothdental@yahoo.com
Alpha Dental Dayton,"2640 Salem Ave, Dayton, OH 45406, United States",(937) 348-9855,https://alphadental.net/locations-dayton/?utm_source=GMBListing&utm_medium=Organic&utm_campaign=Dayton,Dayton@Alphadental.net
Blue Tooth Dental,"9201 N Dixie Dr, Dayton, OH 45414, United States",(937) 890-0023,http://www.bluetoothdental.com/,
"Aspen Dental - Dayton, OH - Miamisburg","2411 Miamisburg Centerville Rd, Dayton, OH 45459, United States",(937) 436-5600,"https://www.aspendental.com/dentist/oh/dayton/2411-miamisburg-centerville-rd?utm_source=googleplaces&utm_medium=lociqgoogleplaces&utm_campaign=Dayton,OH-Dayton_OH-1317&utm_content=listing",
Elevate Dental - Dayton,"205 W National Rd, Vandalia, OH 45377, United States",(937) 898-8990,https://www.elevatedentaldayton.com/,0office@elevatedentaldayton.com
Hunter Dentistry,"8324 N Main St, Dayton, OH 45415, United States",(937) 890-8957,http://hunterdentistry.com/?utm_source=gbp&utm_medium=organic&utm_campaign=yext_listing,
Miami Valley Hospital Dental Center,"1 Wyoming St, Dayton, OH 45409, United States",(937) 640-3388,https://cdiohio.org/locations/dayton/,
Brilliant Smiles Beavercreek - Dayton,"4049 Dayton Xenia Rd, Dayton, OH 45432, United States",(937) 429-3880,https://beavercreekdentist.net/,office@brilliantsmilesbvcreek.com
PedZ Dental,"5671 Far Hills Ave, Dayton, OH 45429, United States",(937) 293-6387,http://www.pedzdental.com/,
Beavercreek Dental Group,"2385 Lakeview Dr STE A, Beavercreek, OH 45431, United States",(937) 429-3160,http://www.beavercreekdentalgrp.com/,
Kondas Dental Group,"8708 Troy Pike, Huber Heights, OH 45424, United States",(937) 787-6448,http://www.kondasdental.com/?utm_campaign=gmb,
Dayton dental smile,"6800 N Dixie Dr, Dayton, OH 45414, United States",(937) 240-2160,https://www.daytondentalsmile.com/,
"Witters Family Dentistry: W. Brandon Witters, DDS","3924 Marshall Rd, Kettering, OH 45429, United States",(937) 436-2210,https://www.wittersfamilydentistry.com/,
Dayton Kids Dental Center,"4257 W Third St, Dayton, OH 45417, United States",(937) 268-1665,https://www.daytonkidsdental.com/?utm_medium=DaytonKidsDentalCenter&utm_source=GMBSocialClimb,
Brilliant Smiles Riverside,"547 Spinning Rd, Dayton, OH 45431, United States",(937) 252-1463,https://www.brilliantsmilesriverside.com/,office@brilliantsmilesrvrside.com
Dental Smile Professionals - Huber Heights,"5221 Waynetowne Ct, Dayton, OH 45424, United States",(937) 237-0360,https://www.smileprofessionalsofdayton.net/,office@dentalsmileprofessionals.com
Brilliant Smiles Riverside: Dr. Angela Hatfield,"547 Spinning Rd, Riverside, OH 45431, United States",(937) 252-1463,https://www.brilliantsmilesriverside.com/,office@brilliantsmilesrvrside.com
South Dayton Smiles,"9100 Marketplace Dr, Miamisburg, OH 45342, United States",(937) 998-4211,https://www.exchangedentist.com/,
"Michael H. Halasz, DDS","229 E Stroop Rd, Kettering, OH 45429, United States",(937) 298-9028,http://www.drhalasz.com/,
Cadence Dental Group,"8605 N Dixie Dr Suite B, Dayton, OH 45414, United States",(937) 264-1600,http://www.cadencedentalgroup.com/?utm_source=OffSite&utm_medium=GMBandOtherOffSiteDirectories,
"Dr. James M. Shepler Jr, DDS","6500 N Main St, Dayton, OH 45415, United States",(937) 275-0076,https://www.northmaindental.com/staff,
Beavercreek Dental Care,"2141 N Fairfield Rd suite a, Beavercreek, OH 45431, United States",(937) 427-3131,https://www.bestbeavercreekdentalcare.com/?utm_source=GOOGLE-LOCAL&utm_medium=GMB&utm_campaign=Beavercreek,
Dental Loft at the Greene,"4380 Buckeye Ln #218, Beavercreek, OH 45440, United States",(937) 912-0101,https://dentalloftbeavercreek.com/,
Gamber Family Dental - Beavercreek,"3398 Dayton Xenia Rd, Dayton, OH 45432, United States",(937) 429-1761,http://www.gamberfamilydental.com/?utm_campaign=gmb,
Emergency Dental Today Dayton,"609 E 3rd St, Dayton, OH 45402, United States",(937) 200-8456,,
Cleveland Dental Institute - Dayton Children's,"1 Childrens Plaza, Dayton, OH 45404, United States",(937) 641-3533,http://cdiohio.org/,
Aggarwal Dental Center,"2640 Salem Ave, Dayton, OH 45406, United States",(937) 276-9788,http://aggarwal-center.jany.io/,
Pure Smiles - Tipp City,"110 S Tippecanoe Dr, Tipp City, OH 45371, United States",(937) 226-9427,https://puresmiles.com/tipp-city/,
Dayton Dental Care,"475 Trade Square W, Troy, OH 45373, United States",(937) 335-7460,https://daytondentalcaretroy.com/,
Greene Dental Associates,"3989 Colonel Glenn Hwy Ste A, Fairborn, OH 45324, United States",(937) 426-2400,https://www.greenedentalassociates.com/?utm_source=GMB&utm_medium=organic&utm_campaign=DevOptimization&utm_content=Website,
Beavercreek Family Dental,"3540 Dayton Xenia Rd, Beavercreek, OH 45432, United States",(937) 426-3232,http://beavercreekfamilydental.com/,
Englewood Clayton Dental Care,"8459 N Main St, Dayton, OH 45415, United States",(937) 890-1102,,
Dayton Pediatric Dentistry,"1010 Valley St Suite 113, Dayton, OH 45404, United States",(937) 641-3455,http://www.daytonpediatricdentistry.com/,
Parma Family Dentistry,"5998 State Rd, Parma, OH 44134, United States",(440) 884-0640,https://www.parmafamilydentistry.co/,
Family Dental Care,"5386 State Rd, Parma, OH 44134, United States",(216) 661-2422,https://www.familydentalcareparma.com/,
Pleasant Dental,"1414 W Pleasant Valley Rd, Parma, OH 44134, United States",(440) 886-2177,https://www.pleasantdentalcle.com/,pleasantdentalcle@gmail.com
DentalWorks & Orthodontics Parma,"1054 W Pleasant Valley Rd, Parma, OH 44134, United States",(440) 870-6477,https://www.dentalworks.com/offices/ohio/parma/?utm_source=GMB&utm_medium=organic,
"Glacial Dental - Dr. Michael Alsouss, DDS","5500 Broadview Rd Suite 100, Parma, OH 44134, United States",(216) 351-5500,https://www.glacialdental.com/,
Jordan M. Job DDS,"7862 Broadview Rd, Parma, OH 44134, United States",(440) 888-5855,https://www.jobddsdental.com/,
Great Expressions Dental Centers - Seven Hills,"7819 Broadview Rd #1, Seven Hills, OH 44131, United States",(216) 929-7611,https://www.greatexpressions.com/dental-offices/dentist-in-seven-hills-ohio/,PatientServices@GreatExpressions.com
Bedir Family Advanced Laser & Implant Dentistry,"5454 State Rd, Parma, OH 44134, United States",(216) 398-5080,http://bedirfamilydental.com/,
"Jodie D. Siedlecki, D.D.S. and Associates Inc","5885 State Rd Suite 3, Parma, OH 44134, United States",(440) 886-1916,https://www.smileperfectly.com/,
Parma Family Dental Center,"5500 Ridge Rd #135, Parma, OH 44129, United States",(440) 885-1111,https://parmafamilydentalcenter.com/,
"Kenneth J. Wolnik, DDS Inc.","6363 York Rd # 202, Parma Heights, OH 44130, United States",(440) 888-5055,http://www.drwolnik.com/,
North Coast Smiles,"5672 Ridge Rd, Parma, OH 44129, United States",(440) 886-0770,http://ncsdental.com/,info@ncsdental.comO
Comprehensive Family Dentistry,"8523 Ridge Rd, North Royalton, OH 44133, United States",(440) 237-7730,https://www.northroyalton-dentist.com/,237-7730staff@northroyaltondentist.com
Fike Family Dental,"5311 Broadview Rd, Parma, OH 44134, United States",(216) 749-1707,http://fikefamilydental.com/,USAKaylaFikeDDS@gmail.com
York Dental,"6390 York Rd, Parma Heights, OH 44130, United States",(440) 334-1104,http://www.york-dental.com/,
Dr. Stanley Meckler,"5386 State Rd, Parma, OH 44134, United States",(216) 661-2422,http://familydentalcareparma.com/,
"Parag S. Kirpekar, DDS","5500 Broadview Rd, Parma, OH 44134, United States",(440) 884-7710,,
The Bilski Dental Group,"6527 Brecksville Rd Suite B, Independence, OH 44131, United States",(216) 369-6403,https://bilskidental.com/,
Torrey Dental Care,"2035 Snow Rd, Parma, OH 44134, United States",(216) 749-4770,http://www.torreydental.com/,
Dr. Michael W. Dagostino,"6887 Ridge Rd, Parma, OH 44129, United States",(440) 842-2171,https://drdagostino.com/,DrMDagostino@aol.com
Premier Smiles Orthodontics,"5603 Ridge Rd, Parma, OH 44129, United States",(440) 882-3636,http://www.premiersmilesortho.com/,
David R Beckman DDS,"6363 York Rd #201, Parma Heights, OH 44130, United States",(440) 886-4030,http://www.beckmandental.com/,
Boyko Dental,"5851 Pearl Rd # 100, Parma Heights, OH 44130, United States",(440) 885-0038,https://boykodental.com/,
Kulick Dental,"7393 Broadview Rd ste g, Seven Hills, OH 44131, United States",(216) 236-6300,http://www.kulickdental.com/,
"Southwest Endodontics & Periodontics, Inc.","1000 W Wallings Rd Suite B, Broadview Heights, OH 44147, United States",(440) 546-1116,http://www.swendoperio.com/,
Avery Dental Group,"8200 Avery Rd, Broadview Heights, OH 44147, United States",(440) 526-4866,http://www.averydentalgroup.com/,
"Mariam Makram-Rofail, DDS","15424 Bagley Rd, Middleburg Heights, OH 44130, United States",(440) 888-6707,https://www.makram-rofaildds.com/,
Brecksville Dental Excellence,"8423 Chippewa Rd, Brecksville, OH 44141, United States",(440) 546-9494,https://www.brecksvilledentalexcellence.com/,
"Dental Dynamic Staffing, LLC","6405 York Rd, Cleveland, OH 44130, United States",(440) 481-3131,http://www.dentaldynamicstaffing.com/,staff@dentaldynamicstaffing.com
"Zenon Farian, DDS","229 E Wallings Rd, Broadview Heights, OH 44147, United States",(440) 526-9100,http://www.drfarian.com/,
"Andrew W. Skorobatckyj, DDS","7444 State Rd, Parma, OH 44134, United States",(440) 842-8015,http://www.skororthodontics.com/,
Parma Ridge Family Dental: Rebecca Mintz-Gecovich DDS,"6789 Ridge Rd # 306, Cleveland, OH 44129, United States",(440) 845-6420,http://parmaridgefamilydental.com/,
Sobecks Jeffrey S DDS,"6325 York Rd #302, Parma Heights, OH 44130, United States",(440) 888-5591,http://www.jeffreysobecksdds.com/,
Parma Oral Surgery and Implant Center,"6789 Ridge Rd Suite 205, Parma, OH 44129, United States",(440) 340-4222,http://www.cleoms.com/,
Dr. Deborah Liederbach DDS,"5672 Ridge Rd, Cleveland, OH 44129, United States",(440) 886-0770,,
River Family Dentistry,"21851 Center Ridge Rd #415, Rocky River, OH 44116, United States",(440) 333-1915,https://www.myriverfamilydentist.com/,
Refresh Dental,"7043 Pearl Rd, Middleburg Heights, OH 44130, United States",(440) 845-7900,http://www.gorefreshdental.com/locations/refresh-dental-middleburg-heights/?y_source=1_NTkxODkwNy03MTUtbG9jYXRpb24ud2Vic2l0ZQ%3D%3D,35005@nadentalgroup.com
Spring & Sprout Pediatric Dentistry and Orthodontics,"15380 Bagley Rd, Middleburg Heights, OH 44130, United States",(440) 530-9336,https://www.1kidsdentist.com/?utm_source=Google&utm_medium=Local&utm_campaign=Local&utm_content=GMB,
"Aerni Dental: William M. Aerni, DDS","11177 Pearl Rd, Strongsville, OH 44136, United States",(440) 457-8200,https://aernidental.com/,info@aernidental.com
"Todd P. Miker, DDS","7057 W 130th St #302, Parma Heights, OH 44130, United States",(440) 887-1121,http://toddmikerdds.com/,
TruSmiles Dental,"19053 Bagley Rd, Middleburg Heights, OH 44130, United States",(440) 843-1500,https://www.trusmilesdental.net/,
"Jaffe, Barry R DDS","6285 Pearl Rd, Cleveland, OH 44130, United States",(440) 845-0700,http://brjaffedds.com/,tjd@brjaffedds.com
Middleburg Hts Dental Care,"7123 Pearl Rd Suite 100, Middleburg Heights, OH 44130, United States",(216) 545-0820,,
Cuglewski & Associates D.D.S. Inc,"5998 State Rd, Parma, OH 44134, United States",(440) 884-0640,,
Hewko Michael P DDS,"5747 Pearl Rd, Parma, OH 44129, United States",(440) 884-4800,http://mphdental.com/,
Today's Dentistry,"4301 Ridge Rd, Brooklyn, OH 44144, United States",(216) 749-0747,,
Canton Family Dentistry,"603 13th St NW, Canton, OH 44703, United States",(330) 453-8787,http://www.cantonfamilydentistryinc.com/,-453-9292cantonfamilydentistryinc@gmail.com
Great Expressions Dental Centers - Canton Ohio,"4957 Tuscarawas St W, Canton, OH 44708, United States",(330) 249-1134,https://www.greatexpressions.com/dental-offices/dentist-in-canton-ohio/,PatientServices@GreatExpressions.com
DentalWorks & Orthodontics Belden Plaza,"4220 Belden Village St NW, Canton, OH 44718, United States",(234) 999-4229,https://www.dentalworks.com/offices/ohio/belden-plaza/?utm_source=GMB&utm_medium=organic,
Canton Dental Group,"2205 Tuscarawas St E, Canton, OH 44707, United States",(330) 453-7299,,
"Said Dental: Bassem Said, DDS","4565 Dressler Rd NW STE 102, Canton, OH 44718, United States",(330) 522-1922,https://www.saiddental.com/?utm_campaign=gmb,
Canton South Dental,"3702 Cleveland Ave SW, Canton, OH 44707, United States",(330) 484-6401,http://www.cantonsouthdental.com/,
"Canton Dentists: Drs. Greenbaum, Timpner, Watkins, & Hadidi","42301 Cherry Hill Rd, Canton, MI 48188, United States",(734) 981-4040,http://www.cantondentists.com/,
Rhonda F. Company DDS Andrea M. Company DDS & Associates General Dentistry,"1470 W Valentine Cir NW, Canton, OH 44708, United States",(330) 455-0706,http://www.companydds.com/,
"Drs. Henzel and Smith, Inc.","3940 Fulton Dr NW, Canton, OH 44718, United States",(330) 493-3940,http://www.drshenzelsmith.com/,
Roth Family Dentistry,"4124 Fulton Dr NW, Canton, OH 44718, United States",(330) 493-3595,http://www.rothfamilydentist.com/,info@rothfamilydentist.com
Ash Family Dental,"4425 Fulton Dr NW, Canton, OH 44718, United States",(234) 458-8088,https://ashfamilydental.com/?utm_source=NEXT&utm_medium=Google_website,jash@usethefuzzyend.com
Walton Dental Group (Formerly Utterback Dental),"2414 Whipple Ave NW, Canton, OH 44708, United States",(330) 479-0072,https://waltondentalgroup.com/,
"Dr. Levani Jangirashvili, D.D.S, F.A.G.D","911 N Main St, North Canton, OH 44720, United States",(330) 498-9900,https://www.levanidds.com/,
Vani M. Patibandla DDS,"3507 Cleveland Ave NW, Canton, OH 44709, United States",(330) 452-0695,http://www.patibandladental.com/,drpatibandladds@gmail.comB
Merit Dental - North Canton,"1515 Portage St NW STE D, North Canton, OH 44720, United States",(330) 521-2689,https://meritdental.com/dental-office/north-canton/?utm_source=generic&utm_medium=profiles&utm_campaign=local_profiles,
Pavlick Dental,"3215 Cleveland Ave NW, Canton, OH 44709, United States",(330) 492-1500,https://www.pavlickdental.com/,
Farinacci Dental Care- Ohio Smile Center,"1225 S Main St F, North Canton, OH 44720, United States",(330) 497-7302,http://www.ohiosmilecenter.com/,
"Aspen Dental - Canton, OH","4550 Belden Village St NW, Canton, OH 44718, United States",(330) 499-4600,"https://www.aspendental.com/dentist/oh/canton/4550-belden-village-st-nw?utm_source=googleplaces&utm_medium=lociqgoogleplaces&utm_campaign=Canton,OH-Canton_OH-0491&utm_content=listing",
Great Expressions Dental Centers - North Canton,"129 Easton St NE # 101, Canton, OH 44721, United States",(330) 578-4369,https://www.greatexpressions.com/dental-offices/dentist-in-north-canton-ohio/,PatientServices@GreatExpressions.com
Christina Brinda DDS,"7396 Wales Ave NW, North Canton, OH 44720, United States",(330) 498-0668,http://www.brindadental.com/,OHinfo@brindadental.com
Williams & Johnson Family Dental,"4774 Munson St NW #303, Canton, OH 44718, United States",(330) 497-7700,http://www.wjfamilydental.com/,
Lifecare Family Health & Dental Center,"2725 Lincoln St E, Canton, OH 44704, United States",(330) 454-2000,https://www.lifecarefhdc.org/,
Buckeye Dental Group LLC,"7265 Portage St NW #A, Massillon, OH 44646, United States",(330) 498-9730,http://www.buckeyedentalgroup.com/,information@buckeyedentalgroup.comH
Amison Dental Group,"3684 A Dressler Rd NW, Canton, OH 44718, United States",(330) 452-2255,http://www.amisondentalgroup.com/,
"Canton Family Dentist: Dr. Rekha Palli, DDS","4081 Canton Ctr Rd, Canton, MI 48188, United States",(734) 398-0515,http://www.cantonfamilydentist.com/,info@cantonfamilydentist.com
"Thomas & Associates, DDS","1421 Portage St NW, North Canton, OH 44720, United States",(330) 494-2111,https://www.thomas-dental.com/,
Osborne Family Dental,"901 Schneider St SE, North Canton, OH 44720, United States",(330) 499-1066,http://www.osbornefamilydental.com/,
"Danner Dental - Canton, OH","4385 Everhard Rd NW, Canton, OH 44718, United States",(234) 425-6753,https://dannerdental.com/?utm_source=GMB&utm_medium=Organic&utm_campaign=LocalBusiness,info@dannerdental.com
Terhune Dental,"4088 Holiday St NW, Canton, OH 44718, United States",(330) 499-1926,http://www.terhunedental.com/,
Canton Family Dental,"7676 N Canton Center Rd, Canton, MI 48187, United States",(734) 354-9500,http://www.cantonfamilydentalmi.com/,
Minter Dentistry,"2694 Easton St NE, Canton, OH 44721, United States",(330) 662-5454,https://minterdentistry.com/,
Munson Dental And Facial Aesthetics - Dr. Stefanie Cain,"4811 Munson St NW, Canton, OH 44718, United States",(234) 215-2735,https://munsondental.com/,
Canton Pediatric Dental Center,"3934 Everhard Rd NW, Canton, OH 44709, United States",(330) 994-0205,http://www.cantonkidsdental.com/,
Dental Sleep Solutions of Northeast Ohio,"2416 Whipple Ave NW, Canton, OH 44708, United States",(330) 510-2585,http://www.dentalsleepohio.com/,dssneohio@gmail.com
Pediatric Dental Specialist,"3801 Whipple Ave NW #4, Canton, OH 44718, United States",(330) 491-7777,https://www.kidsteethspecialist.com/,info@kidsteethspecialist.com
Canton-Plymouth Family Dentistry,"2200 N Canton Center Rd #100a, Canton, MI 48187, United States",(734) 999-3344,https://www.cpfamilydentistry.com/,
GumCare and Implant Specialists LLC - Dr. Karim Basta,"4410 Executive Cir NW, Canton, OH 44718, United States",(330) 494-7004,https://www.icgums.com/,
"Guy B. Hisrich, DDS","4264 Fulton Dr NW, Canton, OH 44718, United States",(330) 493-8400,http://www.guyhisrichdds.com/,
Summit Dental North Canton,"512 S Main St, North Canton, OH 44720, United States",(330) 492-7889,http://www.summitdentalohio.com/,
Mallette Dental | Jeffrey A Mallette DDS,"4024 Dressler Rd NW, Canton, OH 44718, United States",(330) 479-8646,https://mallettedental.com/,office@MalletteDental.comT
American Dental Center,"4957 Tuscarawas St W, Canton, OH 44708, United States",(330) 478-5111,,
Shelly L Boss Inc,"4097 Fulton Dr NW, Canton, OH 44718, United States",(330) 492-1730,http://www.slbossdds.com/,
"Dr. Timothy A. Morris, DDS","2223 Fulton Rd NW, Canton, OH 44709, United States",(330) 455-7613,https://www.facebook.com/thecantondentist,
Dr. Craig A. Balloon D.D.S.,"2410 Cleveland Ave NW, Canton, OH 44709, United States",(330) 453-9980,,
"Heidi L. Rosenthal, DDS","815 Schneider St SE, North Canton, OH 44720, United States",(330) 499-2367,http://www.northcantondentist.com/,
"Bruce E. Treiber, DDS","3684 Dressler Rd NW, Canton, OH 44718, United States",(330) 997-3673,,
"Erwin T. Su, DDS - Pediatric Dentistry","6655 Frank Ave NW, North Canton, OH 44720, United States",(330) 970-2859,http://drerwinsu.com/,
Family Dental Team Inc,"4227 Tuscarawas St W, Canton, OH 44708, United States",(330) 454-7700,https://www.akronbestdentist.com/,555-555-5555mymail@mailservice.com
"Van Hala Dental Group, LLC.","1515 Portage St NW STE I, North Canton, OH 44720, United States",(330) 494-0646,http://vanhaladental.com/,
Ganser Dental,"3511 Whipple Ave NW, Canton, OH 44718, United States",(330) 493-1876,http://www.ganserdental.com/,info@ganserdental.com
Dietrich Dental Implants & Oral Surgery,"4774 Munson St NW STE 102, Canton, OH 44718, United States",(330) 494-6653,http://www.ohiooralandfacialsurgery.com/?utm_source=google&?utm_medium=organic&?utm_campaign=GMB&?utm_content=website,
Dr. Gregory Ganser DDS,"3511 Whipple Ave NW, Canton, OH 44718, United States",(330) 493-1876,http://www.ganserdental.com/dr-gregory-w-ganser-dds.html,
Thomas M. Paumier DDS,"2900 Whipple Ave NW, Canton, OH 44708, United States",(330) 478-1459,http://www.thomaspaumierdds.com/,
Julie M. Thomas DDS,"1437 S Main St, North Canton, OH 44720, United States",(330) 244-9081,http://www.drjuliethomas.com/,
Michael S Winick DDS LLC,"4774 Munson St NW #300, Canton, OH 44718, United States",(330) 493-3636,http://www.winickendo.com/,
Mercy Health - Youngstown Dental Care,"1001 Covington St, Youngstown, OH 44510, United States",(330) 480-3195,https://www.mercy.com/locations/specialty-locations/other-locations/mercy-health-youngstown-dental-care?utm_source=google&utm_medium=organic&utm_content=local_website_link,
Jamboree Dental,"3353 Mahoning Ave, Youngstown, OH 44509, United States",(330) 792-9600,https://www.jamboreekidsdental.com/?utm_source=GMBSocialClimb&utm_medium=JamboreeDental,
Pristine Dental,"127 Churchill Hubbard Rd, Youngstown, OH 44505, United States",(330) 759-4550,https://www.pristinedentalpros.com/,
DentalWorks & Orthodontics Southern Park Boardman,"930 Boardman Poland Rd, Youngstown, OH 44512, United States",(234) 260-8511,https://www.dentalworks.com/offices/ohio/southern-park/?utm_source=GMB&utm_medium=organic,
Dental Express,"6540 South Ave, Boardman, OH 44512, United States",(330) 758-6165,https://godentalexpress.com/boardman-south?y_source=1_NTkxODg2NC03MTUtbG9jYXRpb24ud2Vic2l0ZQ%3D%3D,350002@nadentalgroup.com
Degenova Mark D DDS,"4530 Youngstown-Poland Rd, Youngstown, OH 44514, United States",(330) 755-2039,https://www.markdegenovadds.com/,
Youngstown Community Health Center (ONE Health Ohio),"726 Wick Ave, Youngstown, OH 44505, United States",(330) 747-9551,http://onehealthohio.org/,
Refresh Dental Austintown,"5600 Mahoning Ave, Austintown, OH 44515, United States",(330) 318-3150,http://www.gorefreshdental.com/locations/refresh-dental-austintown/?y_source=1_NTkxODg5NC03MTUtbG9jYXRpb24ud2Vic2l0ZQ%3D%3D,35030@nadentalgroup.com
"Johanna S. Nogay, DMD LLC","8170 South Ave #1, Boardman, OH 44512, United States",(330) 953-1008,http://www.boardmansmiles.com/,
Bertolasio Paul M DDS,"26 Wilson Ave A, Girard, OH 44420, United States",(330) 545-2000,http://bertolasiodental.com/,paulbdds@outlook.comC
"Dr. John's Family Dentistry (John J. Rothrauff, DDS)","20 E McKinley Way, Youngstown, OH 44514, United States",(330) 757-7713,http://www.drjohnsfamilydentistry.com/,
Skurich Immediate Dental Youngstown,"726 Wick Ave, Youngstown, OH 44505, United States",(831) 259-5557,,
"Aspen Dental - Poland, OH - Boardman","1320 Boardman Poland Rd, Poland, OH 44514, United States",(330) 629-8829,"https://www.aspendental.com/dentist/oh/poland/1320-boardman-poland-road?utm_source=googleplaces&utm_medium=lociqgoogleplaces&utm_campaign=Poland,OH-Poland_OH-6377&utm_content=listing",
Orlosky Dental,"290 S Canfield-Niles Rd # B, Youngstown, OH 44515, United States",(330) 516-9037,http://www.orloskydental.com/,
DeChellis & Stonestreet Dentistry,"60 Marwood Cir, Youngstown, OH 44512, United States",(330) 726-8060,http://www.dechellisdentistry.com/,
Dental Urgent Care,"2718 Mahoning Ave, Youngstown, OH 44509, United States",(330) 679-4474,,
"Dr. David Castilla, DDS","5100 Belmont Ave, Youngstown, OH 44505, United States",(330) 759-1771,,
Austin Square Dental Group,"5121 Mahoning Ave, Youngstown, OH 44515, United States",(330) 792-1485,,
Begezda Stephen M DDS,"935 Trailwood Dr STE B, Youngstown, OH 44512, United States",(330) 726-9091,,
Mill Creek Oral & Maxillofacial Surgery Associates,"5437 Mahoning Ave, Austintown, OH 44515, United States",(330) 792-2501,https://www.millcreekoralsurgery.com/,
Johnson Family Dental,"7260 West Blvd Bldg. G, Boardman, OH 44512, United States",(330) 758-8388,http://robertcjohnsondds.com/,
Northside Dental Center (ONE Health Ohio),"500 Gypsy Lane Medical, Building A (3rd Floor, Youngstown, OH 44504, United States",(330) 469-2049,http://www.onehealthohio.org/,
"Robert J. Durick, DDS Inc. Complete Family Dentistry","6205 Market St, Youngstown, OH 44512, United States",(330) 726-6205,,
"Melissa Mullane Padgett, D.D.S.","1006 Boardman-Canfield Rd #3, Youngstown, OH 44512, United States",(330) 726-6700,http://www.melissapadgettdental.com/,
Exquisite Dental Care,"5711 Shields Rd Ste A, Canfield, OH 44406, United States",(330) 533-0804,http://exquisitedentalcareoh.com/?utm_source=gbp&utm_medium=organic&utm_campaign=yext_listing,
Premier Dental of Austintown,"5669 Mahoning Ave # A, Austintown, OH 44515, United States",(330) 792-2749,https://www.premierdentalohio.com/austintown/?utm_source=Local&utm_medium=Organic&utm_campaign=Google-Local&utm_content=Austintown,
"Dr. James C. Ramunno, DDS","2670 S Raccoon Rd # 2, Youngstown, OH 44515, United States",(330) 793-1343,http://www.jamescramunnodds.com/,
"Rajiv Taneja DMD, Inc.","5121 Mahoning Ave #202, Youngstown, OH 44515, United States",(330) 783-0202,,
Taylor Made Dental,"8430 Market St, Youngstown, OH 44512, United States",(330) 758-0505,https://www.taylormadedentalohio.com/,
"Rachel E. Doan, DDS","5669 Mahoning Ave # A, Austintown, OH 44515, United States",(330) 792-2749,https://premierdentalohio.com/our-dentists/dr-rachel-doan/?utm_source=Local&utm_medium=Organic&utm_campaign=Local-Listings&utm_content=Doan,
Dura Dental Center,"4139 Boardman-Canfield Rd STE 300, Canfield, OH 44406, United States",(330) 793-3142,http://www.duradentalcenter.com/,info@DuraDentalCenter.com
Premier Dental of Canfield,"13 Lisbon St, Canfield, OH 44406, United States",(330) 533-5666,https://www.premierdentalohio.com/canfield/?utm_source=Local&utm_medium=Organic&utm_campaign=Google-Local&utm_content=Canfield,
VICTOR L HEYMAN DDS,"32 Goldie Rd #1/2, Youngstown, OH 44505, United States",(330) 759-7821,,
Mercy Health,"1215 Belmont Ave, Youngstown, OH 44504, United States",(330) 480-6428,https://www.mercy.com/,
Flere Todd D DDS,"1041 E Liberty St, Girard, OH 44420, United States",(330) 759-8425,,
Ragozine Richard R DDS,"28 Main St, Girard, OH 44420, United States",(330) 545-8120,http://www.ragozinedentalcare.com/,ragozinedentalcare@yahoo.com
Donald W Begezda DDS,"2324 Mahoning Ave, Youngstown, OH 44509, United States",(330) 799-7374,,
Billy Mark L DDS,"5437 Mahoning Ave #12, Youngstown, OH 44515, United States",(330) 792-2501,http://millcreekoralsurgery.com/,
Michael H Leone Inc,"825 Kentwood Dr, Youngstown, OH 44512, United States",(330) 758-0501,,
Precision Orthodontics,"6540 South Ave, Boardman, OH 44512, United States",(330) 758-6165,https://precision-smiles.com/?y_source=1_NjE0MTMyMy03MTUtbG9jYXRpb24ud2Vic2l0ZQ%3D%3D,
"Dr. Robert D. Perrott, DMD","7200 Bristlewood Dr, Boardman, OH 44512, United States",(330) 726-0090,http://www.perrottdmd.com/,contact@perrottdmd.com
"Dr. John F. Geletka, DDS","5121 Mahoning Ave, Youngstown, OH 44515, United States",(330) 792-1485,,
Jeffrey D. Spiegle DDS,"7087 West Blvd # 2, Youngstown, OH 44512, United States",(330) 729-9112,,
DentalWorks & Orthodontics Eastwood Niles,"5555 Youngstown Warren Rd #908, Niles, OH 44446, United States",(330) 650-0808,https://www.dentalworks.com/offices/ohio/eastwood-niles/?utm_source=GMB&utm_medium=organic,
Smaldino P Brian DDS,"263 W McKinley Way # 202, Youngstown, OH 44514, United States",(330) 757-2412,,
"Dr. Cesar Augustin, DDS","1320 Boardman Poland Rd, Youngstown, OH 44514, United States",(330) 629-8829,,
Dr. Melinda A. Ross,"3665 Stutz Dr # 2, Canfield, OH 44406, United States",(330) 702-8500,http://www.canfielddentist.com/,drjime2@gmail.comI
Niles Family Dentistry,"827 Robbins Ave, Niles, OH 44446, United States",(330) 652-2676,https://www.nilesfamilydentistry.net/,
"Dr. Jean Kim, DDS","1044 Belmont Ave, Youngstown, OH 44504, United States",(330) 746-7211,,
Anthony Gambone DDS,"813 Catalina Ave, Youngstown, OH 44510, United States",(330) 747-9051,,
Crozier Jr David J DDS,"1320 Boardman Poland Rd, Youngstown, OH 44514, United States",(330) 629-8829,,
Craig III John V DDS - Boardman Ohio Dentist,"725 Boardman-Canfield Rd, Boardman, OH 44512, United States",(330) 726-8886,http://www.drjohnvcraig.com/,
Robert C. Johnson DDS,"7260 West Blvd G, Youngstown, OH 44512, United States",(330) 758-8388,http://robertcjohnsondds.com/about-us/,
Dr. Douglas Styka,"1001 Covington St, Youngstown, OH 44510, United States",(330) 480-3195,,
Manor Avenue Dental Clinic,"300 E Manor Ave, Youngstown, OH 44514, United States",(330) 755-0735,,
Jackanich Jr Paul J DDS,"841 Southwestern Run STE 1, Youngstown, OH 44514, United States",(330) 629-2270,,
Lorain Family Dental,"4560 Oberlin Ave, Lorain, OH 44053, United States",(440) 434-2990,,
Team Leatherman Care Dentistry,"6100 S Broadway, Lorain, OH 44053, United States",(440) 233-8521,https://loraincosmeticdentist.com/,
Lorain County Health & Dentistry,"1205 Broadway, Lorain, OH 44052, United States",(440) 240-1655,http://www.lorainhealth-dentistry.org/,
Whispering Pines Dental,"690 Cooper Foster Park Rd, Lorain, OH 44053, United States",(440) 282-2023,http://www.whisperingpinesdental.com/,info@whisperingpinesdental.com
Merit Dental - Lorain,"5000 Oberlin Ave, Lorain, OH 44053, United States",(440) 624-6254,https://meritdental.com/dental-office/lorain/?utm_source=generic&utm_medium=profiles&utm_campaign=local_profiles,
Leidenheimer Dental Group,"42707 N Ridge Rd, Elyria, OH 44035, United States",(440) 324-3441,http://ldgdental.com/,smiles@ldgdental.com
"C.R. Sfeir D.D.S., General Dentistry","1300 Cooper Foster Park Rd, Lorain, OH 44053, United States",(440) 960-5200,http://www.fixyourtooth.com/,960-5200sfeirdental@yahoo.com
Jennifer G. Robb DMD,"1320 Cooper Foster Park Rd, Lorain, OH 44053, United States",(440) 960-1940,http://www.drjrobb.com/,
Oberlin Ave Dental,"4800 Oberlin Ave, Lorain, OH 44053, United States",(440) 960-1059,http://www.oberlinavedental.com/,office@oberlinavedental.com
"Matthew A. Stempowski, DDS","1936 Cooper Foster Park Rd, Lorain, OH 44053, United States",(440) 233-4155,http://www.navydds.com/,navyddsoffice@gmail.com
Bruce A Weitz Inc,"1700 Cooper Foster Park Rd, Lorain, OH 44053, United States",(440) 282-1396,http://www.bruceaweitzddsinc.com/,mymail@mailservice.com
"Gregory Sy DDS, & Associates, Inc.","1755 Cooper Foster Park Rd, Amherst, OH 44001, United States",(440) 737-2672,https://gregorysydds.com/,info@gregorysydds.com
Amherst Dental Associates,"255 S Main St, Amherst, OH 44001, United States",(440) 988-5711,http://www.amherstdentalassociates.com/,AmherstDental255@gmail.com
Douglas D. Means DMD,"1710 Cooper Foster Park Rd # A, Lorain, OH 44053, United States",(440) 282-3642,http://www.douglasdmeansdmd.com/,
David A. Rositano D.D.S,"4800 Oberlin Ave, Lorain, OH 44053, United States",(440) 960-1059,http://oberlinavedental.com/,office@oberlinavedental.com
Amherst Family Dentistry,"401 N Leavitt Rd, Amherst, OH 44001, United States",(440) 988-4166,http://www.amherstfamdentistry.com/,
"Daman P Simantiris, DMD","4560 Oberlin Ave, Lorain, OH 44053, United States",(440) 434-2990,,
Harbour Town Dentistry,"628 Main St, Vermilion, OH 44089, United States",(440) 967-6741,https://harbourtowndentistry.com/,
Amherst Neighborhood Dentistry,"2266 Kresge Dr, Amherst, OH 44001, United States",(440) 960-0090,https://www.andentistry.com/,smile@andentistry.com
Signature Smiles Dental,"570 Chestnut Commons Dr, Elyria, OH 44035, United States",(440) 281-8031,https://signaturesmilesfamilydentistry.com/,
John Pyke Dentistry,"33399 Walker Rd STE D, Avon Lake, OH 44012, United States",(440) 933-2549,https://avonlakedental.com/,
G Curtis Russell Inc,"15015 Holiday Dr, Vermilion, OH 44089, United States",(440) 967-7920,,
Deak Medical Dentistry,"10247 Dewhurst Rd Suite 100, Elyria, OH 44035, United States",(440) 406-8181,http://www.deakmedicaldentistry.com/,
Tower Dental Association Inc: Lee Hyo S DDS,"1221 Tower Blvd, Lorain, OH 44053, United States",(440) 282-8413,,
Parkway Endodontics of Lorain,"1550 Cooper Foster Park Rd, Lorain, OH 44053, United States",(440) 960-2660,https://www.parkwayendodontics.com/,
"Aspen Dental - Elyria, OH","6395 Midway Mall, Elyria, OH 44035, United States",(440) 324-2600,"https://www.aspendental.com/dentist/oh/elyria/6395-midway-mall?utm_source=googleplaces&utm_medium=lociqgoogleplaces&utm_campaign=Elyria,OH-Elyria_OH-6411&utm_content=listing",
Advanced Restorative Solutions,"5064 Waterford Dr, Sheffield, OH 44035, United States",(440) 538-1653,https://www.advancedrestorativesolutions.com/,
Vecchio and Schafer DDS,"1288 Abbe Rd N C, Elyria, OH 44035, United States",(440) 365-9580,http://www.vecchiodds.com/,
The Dental Studio of Avon Lake,"32713 Walker Rd, Avon Lake, OH 44012, United States",(440) 933-7950,http://www.dentalstudioavonlake.com/,DentalStudioAL@gmail.com
Dental Care of Oberlin,"309 W Lorain St, Oberlin, OH 44074, United States",(440) 774-2313,https://www.dentalcareofoberlin.com/,
Nagy Family Dental Group,"5201 Abbe Rd N, Sheffield, OH 44035, United States",(440) 937-8878,http://www.scottnagyddsltd.com/,
Orthodontic Specialists of Lorain County Inc.,"1740 Cooper Foster Park Rd, Lorain, OH 44053, United States",(440) 960-2970,https://lorain-orthodontist.com/,info@lorain-orthodontist.com
Minnillo & Marshall Dental - Elyria,"1212 Abbe Rd N STE D, Elyria, OH 44035, United States",(440) 366-3325,https://www.minnillomarshalldental.com/,
Westshore Periodontics and Dental Implants,"38530 Chester Rd # 100, Avon, OH 44011, United States",(440) 471-4711,http://www.westshoreperiodontics.com/,
Avon Pointe Pediatric Dentistry & Orthodontics,"36855 American Way, Avon, OH 44011, United States",(440) 934-0149,http://www.drcrowell.com/,
"CLE Oral and Maxillofacial, Inc. - Amherst","550 N Leavitt Rd, Amherst, OH 44001, United States",(440) 988-3400,http://www.cleoms.com/,
"Leatherman, Thomas G DDS","6100 S Broadway #300, Lorain, OH 44053, United States",(440) 233-8521,http://loraincosmeticdentist.com/,
Julie A. Pruneski DDS,"690 Cooper Foster Park Rd, Lorain, OH 44053, United States",(440) 282-2023,https://whisperingpinesdental.com/meet-the-team/julie-pruneski-dds/,info@whisperingpinesdental.com
"Matthew J. Elbert, D.D.S. Amherst Dental Professionals","1495 Cooper Foster Park Rd, Amherst, OH 44001, United States",(440) 282-5501,http://www.amherstdentalpros.com/,
Weston Dental,"36855 American Way # 2A, Avon, OH 44011, United States",(440) 695-3353,https://westondentaloh.com/,
Tower Dental Association Inc,"1221 Tower Blvd, Lorain, OH 44053, United States",(440) 282-8413,,
"Dr. Scott A. Iliff, DDS","154 Park Ave, Amherst, OH 44001, United States",(440) 984-2521,http://amherstdentistoh.com/,
Avon Lake Family Dental Care,"33398 Walker Rd STE A, Avon Lake, OH 44012, United States",(440) 933-4486,http://www.avonlakedentistry.com/,
Canepa Orthodontics,"150 Cooper Foster Park Rd, Lorain, OH 44053, United States",(440) 233-8546,https://www.canepaortho.com/?utm_source=google&utm_medium=organic&utm_campaign=gbp_listing,
Joseph Kunchik,"1205 Broadway, Lorain, OH 44052, United States",(440) 240-1655,,
Kochenour Orthodontics,"1418 OH-60 #5, Vermilion, OH 44089, United States",(440) 967-0186,https://www.kochenourortho.com/,pageoffice@kochenourortho.comC
"Dr. Meredith L. Griffith, DMD","1507 Lincoln Blvd, Lorain, OH 44055, United States",(440) 233-7847,,
"iSmile Dental- Fahreen Pardhan, DMD","35650 Detroit Rd Ste 101, Avon, OH 44011, United States",(440) 517-1645,https://www.ismiledentalcenter.com/,
Avon Dental Care,"1480 Center Rd, Avon, OH 44011, United States",(440) 937-2273,https://avondentalcare.com/,
Hyatt Family Dental LLC,"301 East Ave, Elyria, OH 44035, United States",(440) 323-2523,http://www.hyattfamilydental.org/,Contacthyattdental@yahoo.com
Avon Smiles,"2199 Clifton Way, Avon, OH 44011, United States",(440) 934-1490,http://www.dentistavon.com/index.php,
